{
    "rmse": 1.9725667257832937,
    "r2": 0.16995752812646203,
    "features": [
        "funding_rounds"
    ]
}