{
    "groups": [
        "operating",
        "closed"
    ],
    "t_statistic": 2.3522533928012925,
    "p_value": 0.018663310549269924,
    "statistically_significant": true
}