{
    "reg_log_funding_total_usd": {
        "rmse": 1.9725667257832937,
        "r2": 0.16995752812646203,
        "features": [
            "funding_rounds"
        ]
    },
    "clf_status": {
        "accuracy": 0.23122896891165687,
        "confusion_matrix": [
            [
                2663,
                2109,
                8613,
                2395
            ],
            [
                156,
                396,
                508,
                636
            ],
            [
                198,
                254,
                1225,
                269
            ],
            [
                19,
                79,
                71,
                320
            ]
        ],
        "features": [
            "log_funding_total_usd",
            "funding_rounds"
        ]
    }
}