{
    "funding_total_usd": {
        "count": 163,
        "percentage": 0.2456002892960463,
        "indices": [
            436,
            719,
            2116,
            2436,
            2645,
            3313,
            3488,
            3586,
            4316,
            5218
        ]
    },
    "funding_rounds": {
        "count": 1730,
        "percentage": 2.6066779170684664,
        "indices": [
            24,
            53,
            65,
            129,
            140,
            144,
            201,
            210,
            331,
            339
        ]
    }
}